{
  "schema_name": "qcschema_atomic_input",
  "schema_version": 2,
  "molecule": {
    "symbols": [
      "C", "C", "C", "C", "C", "C", "C", "H", "H", "H", 
      "H", "H", "H", "H", "H", "S", "C", "C", "N", "C", 
      "N", "C", "C", "C", "C", "C", "N", "C", "N", "C", 
      "C", "O", "O", "C", "O", "O", "C", "O", "C", "C", 
      "C", "C", "C", "N", "F", "C",  "Cl", "C", "C", "C", 
      "C", "H", "H", "H", "H", "H", "H", "H", "H", "H", 
      "H", "H", "H", "H", "H", "H", "H", "H", "H", "H", 
      "H", "H"
    ],
    "geometry": [
   9.71092461,  106.9443257 ,  14.09830175,
   8.41835194,  109.18667472,  12.85675169,
   6.46947739,  108.80022573,  11.08022016,
   8.95786875,  111.66977485,  13.6708457 ,
   5.20581753,  110.85700365,  10.05334298,
   7.65943793,  113.69896276,  12.6324412 ,
   5.80580557,  113.29531726,  10.81943795,
  10.0283986 ,  105.5181494 ,  12.64548031,
  11.57589532,  107.54412478,  14.71435247,
   5.97229044,  106.90842091,  10.49591684,
  10.3781869 ,  112.00104384,  15.10023454,
   3.74165773,  110.55672616,   8.6628825 ,
   8.08065788,  115.59851546,  13.24282274,
   4.80670737,  114.88419899,  10.0180051 ,
   8.59863181,  106.1984508 ,  15.66318396,
  17.25074287,  133.51444193,   6.4921541 ,
  17.56443741,  125.92964819,   6.2472456 ,
  19.39425922,  126.47407828,   8.45047728,
  17.98187791,  130.27696314,   6.53939725,
  15.90809246,  123.57561635,   6.7474561 ,
  12.57820606,  111.64445252,   6.13726353,
  21.93745263,  125.03297314,   8.31536187,
  19.82662855,  129.34400535,   8.41608427,
  16.01070459,  128.36493824,   6.04013161,
  10.74328199,  111.04484242,   4.37471598,
  13.67878255,  114.07161676,   6.15294826,
  16.86089237,  121.36992802,   5.89065428,
  15.26029435,  114.81862549,   4.17138145,
  23.18278215,  124.83644162,  10.53503417,
  15.78488232,  118.94484249,   6.07169004,
  16.30795851,  117.23237267,   4.12432727,
  15.0522355 ,  133.88747387,   8.13413713,
  19.59249149,  134.93532701,   6.91904323,
  13.37888302,  109.91138469,   7.91436198,
  13.87058975,  123.77913986,   7.86012684,
  22.67331199,  124.13856577,   6.29600053,
   9.78424598,  108.45421688,   4.55008256,
   9.92295188,  112.51108092,   2.76088987,
  13.20824075,  115.75044944,   8.14094014,
  14.24872395,  118.1740232 ,   8.0991772 ,
  12.53436441,  107.51880245,   8.09010651,
  10.60249739,  106.77141576,   6.29373286,
  25.32951103,  123.40176155,  11.16979318,
  16.28943919,  134.04980134,   3.37486189,
  17.83183366,  117.88716277,   2.17469682,
  29.24351178,  120.33794858,  12.91873471,
  31.53726135,  118.2989341 ,  14.01647661,
  26.05289819,  123.48604334,  13.70712844,
  26.66800404,  121.85256407,   9.48113391,
  28.59646955,  120.30450043,  10.37043903,
  28.01481185,  121.96670353,  14.58018191,
  18.55635465,  125.65412612,   4.46202133,
  18.52196164,  125.99333196,  10.25667751,
  21.73336221,  129.9315212 ,   7.90396849,
  19.38991285,  130.12370635,  10.27179532,
  14.54238739,  128.49022709,   7.48312648,
  15.12801352,  128.63138963,   4.19708172,
  18.45657711,  121.47480782,   4.84658059,
  15.67376642,  113.5283205 ,   2.65506521,
  22.36774327,  125.71025098,  12.02886267,
  14.78691795,  110.65593679,   9.17386444,
   8.34710926,  107.88408651,   3.2195264 ,
  12.0190361 ,  115.19222435,   9.7033657 ,
  13.85320427,  119.42691162,   9.659902  ,
  13.24622424,  106.23284382,   9.50570035,
   9.80635578,  104.89586259,   6.36781012,
  15.51087203,  135.80630178,   3.15433085,
  17.77438598,  133.89843428,   2.13709127,
  25.07704362,  124.69452319,  15.03371618,
  26.20917854,  121.72765318,   7.50410244,
  29.52999426,  119.02043153,   9.0920393 ,
  28.54979332,  122.03889107,  16.54795373
    ]
  },
  "specification": {
    "driver": "gradient",
    "model": {
      "method": "mp2",
      "basis": "cc-pVDZ"
    },
    "keywords": {
      "guess": "sad",
      "freeze_core": true,
      "scf_type": "df",
      "mp2_type": "df"
    },
    "protocols": {
      "native_files": "all",
      "stdout": true
    }
  }
}

